Tower Name,Elevation,Latitude,Longitude
1 WTG12 F12 33 KV Pole,164.1,23.2296972310,69.2791972900
1 PS F6 33 KV Pole,158.2,23.2352572690,69.2581362310
2 PS F6 33 KV Pole,156.7,23.2353366270,69.2579036480
3 PS F6 33 KV Pole,152.9,23.2354825870,69.2574258690
1 WTG-6 F6 33 KV Pole,149.9,23.2361008470,69.2566916290
1 WTG-10 F6 33 KV Pole,174.5,23.2429109630,69.2514019960
2 WTG-10 F6 33 KV Pole,183.6,23.2419304060,69.2507153140
3 WTG-10 F6 33 KV Pole,194.1,23.2406001260,69.2497550420
4 WTG-10 F6 33 KV Pole,193.8,23.2410327320,69.2500487720
1 WTG-5 F6 33 KV Pole,193.8,23.2396146340,69.2483215540
2 WTG-5 F6 33 KV Pole,193.6,23.2393717550,69.2477559750
3 WTG-5 F6 33 KV Pole,192.9,23.2391183210,69.2471819940
4 WTG-5 F6 33 KV Pole,193.6,23.2391574610,69.2467943990
WTG-12 F12,183.8,23.2256987520,69.3090504770
WTG-1 F6,208.2,23.2726967050,69.2718048220
WTG-2 F6,188.3,23.2811294470,69.2378089630
WTG-3 F6,177.6,23.2698515150,69.2310620250
WTG-4 F6,193.8,23.2642791260,69.2671474480
WTG-5 F6,195.2,23.2433085590,69.2404977480
WTG-6 F6,169.5,23.2398110310,69.2617953040
WTG-7 F6,156,23.2325996840,69.2547566390
1 220 KV Tower,167.2,23.2225130350,69.4249473080
2 220 KV Tower,165.9,23.2234561720,69.4221482660
3 220 KV Tower,194.2,23.2319960950,69.3339522700
4 220 KV Tower,192.6,23.2315560480,69.3359990590
5 220 KV Tower,191.3,23.2306521990,69.3386917360
6 220 KV Tower,166.6,23.2306484480,69.2781096810
7 220 KV Tower,164.9,23.2305623110,69.2752257990
8 220 KV Tower,155.9,23.2345425090,69.2603552290
1 A WTG-12 F12 33 KV Pole,163.8,23.2284540910,69.2791172280
2 A WTG-12 F12 33 KV Pole,166,23.2293725630,69.2793753100
3 A WTG-12 F12 33 KV Pole,166.6,23.2288988500,69.2792528290
4 A WTG-12 F12 33 KV Pole,167.2,23.2312622900,69.2773406810
1 WTG-1 F6 33 KV Pole,204.8,23.2717156170,69.2701562900
2 WTG-1 F6 33 KV Pole,208.3,23.2721451390,69.2704587120
1 WTG-2 F6 33 KV Pole,188.9,23.2807559070,69.2377586260
1 WTG-3 F6 33 KV Pole,175.9,23.2692325850,69.2304087860
2 WTG-2 F6 33 KV Pole,205.4,23.2712029910,69.2660006050
3 WTG-2 F6 33 KV Pole,207.9,23.2710291340,69.2665039980
4 WTG-2 F6 33 KV Pole,215.4,23.2702710040,69.2684594950
5 WTG-2 F6 33 KV Pole,218.3,23.2704508300,69.2679556350
6 WTG-2 F6 33 KV Pole,214.2,23.2707575380,69.2672274380
1,155.9,23.2345241000,69.2603365000
2,155.7,23.2328234000,69.2627290000
3,152.3,23.2325498000,69.2643759000
4,153.7,23.2322146000,69.2663312000
5,157.4,23.2318425000,69.2689303000
6,158.7,23.2314456000,69.2717734000
7,164.7,23.2305460000,69.2751959000
8,166.7,23.2306520000,69.2780793000
9,165.7,23.2307555000,69.2812309000
10,173.1,23.2308763000,69.2841062000
11,185.7,23.2317168000,69.2858577000
12,192.3,23.2341815000,69.2908841000
13,190.5,23.2353842000,69.2933705000
14,186.2,23.2365007000,69.2956692000
15,184.8,23.2361631000,69.2988315000
16,187.9,23.2358648000,69.3017042000
17,186.8,23.2342727000,69.3040538000
18,188.5,23.2327593000,69.3068165000
19,199.6,23.2312041000,69.3096516000
20,206.6,23.2296242000,69.3125027000
21,197.4,23.2281108000,69.3152547000
22,199.8,23.2290265000,69.3186976000
23,202.4,23.2298236000,69.3216951000
24,197.6,23.2305633000,69.3244761000
25,202,23.2314683000,69.3278452000
26,201.4,23.2322270000,69.3306693000
27,197.3,23.2318277000,69.3324396000
28,198,23.2318573000,69.3329948000
29,194.2,23.2319879000,69.3339175000
30,192.6,23.2315418000,69.3360123000
31,191.4,23.2306446000,69.3386891000
32,186.4,23.2286161000,69.3405184000
33,186.1,23.2283598000,69.3432274000
34,185,23.2280689000,69.3458721000
35,189.1,23.2277929000,69.3486267000
36,196.9,23.2299471000,69.3505740000
37,205,23.2298485000,69.3523148000
38,207.8,23.2301024000,69.3532817000
39,211.9,23.2300814000,69.3540636000
40,213.7,23.2300678000,69.3545128000
41,200.3,23.2283893000,69.3561503000
42,190.2,23.2269326000,69.3581352000
43,195.2,23.2279777000,69.3612921000
44,191,23.2290177490,69.3634128710
45,181.1,23.2300111470,69.3663844100
46,172.6,23.2305731000,69.3689981000
47,164,23.2300605000,69.3716374000
48,161.3,23.2296960190,69.3745186410
49,160,23.2311375490,69.3773861850
50,160,23.2310833000,69.3800086000
51,159.9,23.2307481000,69.3825942000
52,157.1,23.2303513000,69.3854508000
53,157,23.2299791000,69.3882242000
54,157,23.2300925000,69.3887284000
55,156.2,23.2302798000,69.3893829000
56,157,23.2304425000,69.3901661000
57,156.2,23.2310266000,69.3925881000
58,159.8,23.2294541000,69.3950236000
59,159.1,23.2277510000,69.3976682000
60,160.5,23.2271348000,69.4004765000
61,162,23.2264200000,69.4036335000
62,163,23.2256879000,69.4066912000
63,168,23.2250125000,69.4097275000
64,168,23.2242608000,69.4128066000
65,164.9,23.2235706000,69.4158912000
66,163.1,23.2227818000,69.4194236000
67,165.8,23.2234375000,69.4220978000
68,167.2,23.2225058000,69.4249302000
69,168.1,23.2227547000,69.4279289000
70,171.4,23.2247365000,69.4299003000
71,173.3,23.2259122000,69.4318745000
72,173.7,23.2270238000,69.4338593000
73,174,23.2283474000,69.4360158000
74,177.6,23.2292693000,69.4393015000
75,179.2,23.2304844000,69.4419327000
1 Power Station,158,23.2343099710,69.2587127640
2 Power Station,155.9,23.2341995010,69.2600740530
3 Power Station,159,23.2352790320,69.2601652360
4 Power Station,158.6,23.2354035040,69.2588339600
1 PS F12 33 KV Line,158,23.2344149790,69.2587009640
2 PS F12 33 KV Line,157.2,23.2344229930,69.2584969810
3 PS F12 33 KV Line,155.5,23.2342459950,69.2581359520
4 PS F12 33 KV Line,154.1,23.2340869940,69.2578169900
5 PS F12 33 KV Line,154,23.2340340240,69.2574529760
6 PS F12 33 KV Line,154.3,23.2339820100,69.2569459590
7 PS F12 33 KV Line,149.8,23.2339180370,69.2564600340
8 PS F12 33 KV Line,153,23.2338339860,69.2557099570
9 PS F12 33 KV Line,152.1,23.2333959800,69.2555369910
10 PS F12 33 KV Line,154.6,23.2330130260,69.2553950180
11 PS F12 33 KV Line,154.6,23.2327149800,69.2552549670
12 PS F12 33 KV Line,151.3,23.2322119630,69.2550649700
13 PS F12 33 KV Line,152.3,23.2313920260,69.2549540350
14 PS F12 33 KV Line,148.4,23.2312299590,69.2555740180
15 PS F12 33 KV Line,146.9,23.2307850060,69.2560619930
16 PS F12 33 KV Line,147.4,23.2304860450,69.2563730330
17 PS F12 33 KV Line,147.9,23.2300849800,69.2568120180
18 PS F12 33 KV Line,150,23.2297159900,69.2571910480
19 PS F12 33 KV Line,149.7,23.2296169870,69.2575220150
20 PS F12 33 KV Line,149.8,23.2298159570,69.2579259820
21 PS F12 33 KV Line,148.8,23.2300939600,69.2584980280
22 PS F12 33 KV Line,150.5,23.2300519740,69.2589809990
23 PS F12 33 KV Line,153.8,23.2300290270,69.2594210000
24 PS F12 33 KV Line,155,23.2299999950,69.2598800480
25 PS F12 33 KV Line,153.4,23.2299979760,69.2603360210
26 PS F12 33 KV Line,149,23.2299760060,69.2607290080
27 PS F12 33 KV Line,146.7,23.2295289720,69.2613180250
28 PS F12 33 KV Line,147.4,23.2291570030,69.2617980040
29 PS F12 33 KV Line,146.8,23.2288470290,69.2622059670
30 PS F12 33 KV Line,146.3,23.2289249630,69.2628139860
31 PS F12 33 KV Line,143.4,23.2290039770,69.2634229850
32 PS F12 33 KV Line,147.4,23.2290890260,69.2639870340
33 PS F12 33 KV Line,149.9,23.2291850320,69.2643730170
34 PS F12 33 KV Line,149.2,23.2292870300,69.2647940050
35 PS F12 33 KV Line,149.2,23.2293779820,69.2652290460
36 PS F12 33 KV Line,150.3,23.2294709900,69.2656769940
37 PS F12 33 KV Line,151.1,23.2295829680,69.2661230260
38 PS F12 33 KV Line,152.9,23.2296859740,69.2665329730
1 A WTG 9 F6 33 KV Line,159.8,23.2595579890,69.2344189590
2 A WTG 9 F6 33 KV Line,159.7,23.2590609760,69.2343059520
3 A WTG 9 F6 33 KV Line,157.7,23.2586579850,69.2337160170
4 A WTG 9 F6 33 KV Line,155.4,23.2584209590,69.2333499620
5 A WTG 9 F6 33 KV Line,153,23.2580280410,69.2327870330
6 A WTG 9 F6 33 KV Line,153.7,23.2573260020,69.2326559830
7 A WTG 9 F6 33 KV Line,153.2,23.2568910200,69.2324990010
8 A WTG 9 F6 33 KV Line,153.2,23.2565609610,69.2323699670
9 A WTG 9 F6 33 KV Line,151.9,23.2560760430,69.2322009740
10 A WTG 9 F6 33 KV Line,153.5,23.2554449600,69.2320379850
11 A WTG 9 F6 33 KV Line,156.3,23.2548389740,69.2318850140
12 A WTG 9 F6 33 KV Line,154.5,23.2542310130,69.2317240240
13 A WTG 9 F6 33 KV Line,151.6,23.2539030240,69.2320889880
14 A WTG 9 F6 33 KV Line,150.4,23.2536119810,69.2323920340
1 WTG 4 F6 33 KV Line,167.6,23.2399636340,69.2614892500
2 WTG 4 F6 33 KV Line,192.7,23.2650821570,69.2646411910
1 WTG 1 F6 33 KV Line,194,23.2642505200,69.2671130210
2 WTG 1 F6 33 KV Line,192.7,23.2650821570,69.2646411910
3 WTG 1 F6 33 KV Line,193,23.2666761310,69.2657671580
4 WTG 1 F6 33 KV Line,204,23.2730538390,69.2705095230
5 WTG 1 F6 33 KV Line,208.3,23.2727047330,69.2718400140
1 WTG 11 F6 33 KV,150.4,23.2536119810,69.2323920340
2 WTG 11 F6 33 KV,150.8,23.2535030590,69.2326244200
3 WTG 11 F6 33 KV,152.1,23.2533218900,69.2329662710
4 WTG 11 F6 33 KV,152.9,23.2530773880,69.2333764430
5 WTG 11 F6 33 KV,155.2,23.2526162500,69.2336786990
6 WTG 11 F6 33 KV,155.7,23.2521280120,69.2339809060
7 WTG 11 F6 33 KV,154.1,23.2518924960,69.2344204170
8 WTG 11 F6 33 KV,156.3,23.2517471930,69.2349382920
9 WTG 11 F6 33 KV,156.6,23.2515657840,69.2354365510
10 WTG 11 F6 33 KV,153.7,23.2510320400,69.2359635160
11 WTG 11 F6 33 KV,156.2,23.2507333310,69.2363735800
12 WTG 11 F6 33 KV,156.3,23.2503621800,69.2369008260
13 WTG 11 F6 33 KV,159.5,23.2497572280,69.2367237910
14 WTG 11 F6 33 KV,161.9,23.2494232100,69.2365863400
15 WTG 11 F6 33 KV,163.6,23.2490169280,69.2364487620
16 WTG 11 F6 33 KV,160.7,23.2488549790,69.2360183410
17 WTG 11 F6 33 KV,159.6,23.2486839520,69.2356172320
18 WTG 11 F6 33 KV,161.7,23.2484130040,69.2355874290
19 WTG 11 F6 33 KV,159.7,23.2484127980,69.2357242890
1 A WTG 11 F6 33 KV,151.6,23.2539030240,69.2320889880
2 A WTG 11 F6 33 KV,149.9,23.2536667970,69.2318523870
3 A WTG 11 F6 33 KV,151.1,23.2533600900,69.2315683490
4 A WTG 11 F6 33 KV,153.2,23.2529541770,69.2311766040
5 A WTG 11 F6 33 KV,156.4,23.2525652940,69.2314887680
6 A WTG 11 F6 33 KV,156.5,23.2521131210,69.2318399250
7 A WTG 11 F6 33 KV,159.8,23.2516699800,69.2321910960
8 A WTG 11 F6 33 KV,156.5,23.2512268670,69.2325227120
9 A WTG 11 F6 33 KV,155.9,23.2506668880,69.2324728610
10 A WTG 11 F6 33 KV,160.4,23.2501249750,69.2324230430
11 A WTG 11 F6 33 KV,161.2,23.2495830910,69.2323536720
12 A WTG 11 F6 33 KV,162.7,23.2495916610,69.2326665150
13 A WTG 11 F6 33 KV,166.5,23.2495366360,69.2332236440
14 A WTG 11 F6 33 KV,166.9,23.2495176840,69.2338199380
15 A WTG 11 F6 33 KV,165.6,23.2494899000,69.2342793550
16 A WTG 11 F6 33 KV,168.9,23.2490829880,69.2345621430
17 A WTG 11 F6 33 KV,167.3,23.2487393800,69.2347961620
18 A WTG 11 F6 33 KV,166.8,23.2484139110,69.2349813320
19 A WTG 11 F6 33 KV,161.7,23.2484130040,69.2355874290
1 WTG 9 F6 33 KV Line,173.3,23.2627993500,69.2378320470
2 WTG 9 F6 33 KV Line,172.2,23.2624400520,69.2378072610
3 WTG 9 F6 33 KV Line,172,23.2619960350,69.2377740150
4 WTG 9 F6 33 KV Line,167.5,23.2617100440,69.2371189540
5 WTG 9 F6 33 KV Line,166.2,23.2614529690,69.2365159590
6 WTG 9 F6 33 KV Line,164,23.2610049630,69.2360719910
7 WTG 9 F6 33 KV Line,164.7,23.2605510050,69.2356209760
8 WTG 9 F6 33 KV Line,161.1,23.2599949700,69.2352910160
9 WTG 9 F6 33 KV Line,162.1,23.2597719760,69.2348469620
10 WTG 9 F6 33 KV Line,159.8,23.2595579890,69.2344189590
11 WTG 9 F6 33 KV Line,163.2,23.2600920360,69.2345330080
12 WTG 9 F6 33 KV Line,163,23.2601300130,69.2344470400
1 WTG 8 F6 33 KV Line,183.5,23.2674526520,69.2309376240
2 WTG 8 F6 33 KV Line,180.7,23.2669198590,69.2308291580
3 WTG 8 F6 33 KV Line,175.2,23.2664051180,69.2307305000
4 WTG 8 F6 33 KV Line,171.1,23.2658813290,69.2306416050
5 WTG 8 F6 33 KV Line,167.9,23.2654385650,69.2307386130
6 WTG 8 F6 33 KV Line,166,23.2649144890,69.2308452580
7 WTG 8 F6 33 KV Line,164.5,23.2644896760,69.2310205110
8 WTG 8 F6 33 KV Line,162.4,23.2639563360,69.2312835690
9 WTG 8 F6 33 KV Line,164.8,23.2640640120,69.2317726000
10 WTG 8 F6 33 KV Line,161.7,23.2639638970,69.2322808270
11 WTG 8 F6 33 KV Line,161.6,23.2640090910,69.2322613510
1 WTG-12 F12 33 KV Line,165.9,23.2293717280,69.2793725520
2 WTG-12 F12 33 KV Line,197.7,23.2376655060,69.2836361350
3 WTG-12 F12 33 KV Line,205.7,23.2412582080,69.2973454110
4 WTG-12 F12 33 KV Line,199.8,23.2367733140,69.3116497370
5 WTG-12 F12 33 KV Line,183.6,23.2257122850,69.3088924740
1 PS F6 33 KV Line,157.9,23.2347880140,69.2587210370
2 PS F6 33 KV Line,157.6,23.2347790110,69.2584279720
3 PS F6 33 KV Line,156.1,23.2348530370,69.2580710420
4 PS F6 33 KV Line,158.2,23.2352649760,69.2581080010
5 PS F6 33 KV Line,156.1,23.2353149700,69.2578080100
6 PS F6 33 KV Line,152.6,23.2354979830,69.2573659530
7 PS F6 33 KV Line,151,23.2356480110,69.2568210000
1 WTG 7 F6 33 KV Line,153,23.2336869830,69.2553979620
2 WTG 7 F6 33 KV Line,155.7,23.2331139550,69.2552659890
3 WTG 7 F6 33 KV Line,152.7,23.2324289770,69.2550969540
4 WTG 7 F6 33 KV Line,152.6,23.2322119850,69.2548290110
5 WTG 7 F6 33 KV Line,154.6,23.2324650190,69.2547630250
1 A WTG12 F12 33 KV Line,151.5,23.2296781500,69.2661925150
2 A WTG12 F12 33 KV Line,152.9,23.2296859740,69.2665329730
3 A WTG12 F12 33 KV Line,154,23.2297455410,69.2669891650
4 A WTG12 F12 33 KV Line,154.9,23.2298260240,69.2674682710
5 A WTG12 F12 33 KV Line,155.9,23.2299244230,69.2680353830
6 A WTG12 F12 33 KV Line,156.2,23.2300138360,69.2685731550
7 A WTG12 F12 33 KV Line,155.3,23.2300764160,69.2689544830
8 A WTG12 F12 33 KV Line,152.9,23.2299851140,69.2695212160
9 A WTG12 F12 33 KV Line,153,23.2296864860,69.2698333970
10 A WTG12 F12 33 KV Line,155.1,23.2299026920,69.2701759360
11 A WTG12 F12 33 KV Line,155.1,23.2300830680,69.2703424650
12 A WTG12 F12 33 KV Line,155.6,23.2303352370,69.2707828220
13 A WTG12 F12 33 KV Line,154.3,23.2305513570,69.2711742370
14 A WTG12 F12 33 KV Line,155.7,23.2307404440,69.2715265000
15 A WTG12 F12 33 KV Line,158.3,23.2313360530,69.2718600380
16 A WTG12 F12 33 KV Line,158.8,23.2318322630,69.2722129270
17 A WTG12 F12 33 KV Line,161.2,23.2319759630,69.2726921720
18 A WTG12 F12 33 KV Line,158.4,23.2321287270,69.2731518870
19 A WTG12 F12 33 KV Line,157.9,23.2323175550,69.2736507750
20 A WTG12 F12 33 KV Line,160.6,23.2324794180,69.2740714130
21 A WTG12 F12 33 KV Line,160.6,23.2326232300,69.2744822400
22 A WTG12 F12 33 KV Line,160.7,23.2323242850,69.2749703580
23 A WTG12 F12 33 KV Line,162.7,23.2321794470,69.2751460040
24 A WTG12 F12 33 KV Line,163.4,23.2320164580,69.2753704850
25 A WTG12 F12 33 KV Line,163.6,23.2317628640,69.2757511720
26 A WTG12 F12 33 KV Line,166.4,23.2315814130,69.2762004280
27 A WTG12 F12 33 KV Line,168,23.2314451780,69.2766204520
28 A WTG12 F12 33 KV Line,167.3,23.2313090100,69.2770013770
29 A WTG12 F12 33 KV Line,167.1,23.2312723260,69.2773140860
30 A WTG12 F12 33 KV Line,167.9,23.2312264360,69.2777245200
31 A WTG12 F12 33 KV Line,167,23.2311987670,69.2780470210
32 A WTG12 F12 33 KV Line,167.8,23.2310443040,69.2785549750
33 A WTG12 F12 33 KV Line,166.8,23.2307912400,69.2786326460
34 A WTG12 F12 33 KV Line,166.6,23.2303483760,69.2787685690
35 A WTG12 F12 33 KV Line,165.9,23.2300589880,69.2789536820
36 A WTG12 F12 33 KV Line,164.1,23.2296972310,69.2791972900
37 A WTG12 F12 33 KV Line,165.9,23.2293717280,69.2793725520
38 A WTG12 F12 33 KV Line,166.6,23.2288931830,69.2792542640
39 A WTG12 F12 33 KV Line,163.8,23.2284598390,69.2791165220
40 A WTG12 F12 33 KV Line,165.1,23.2280083930,69.2789982920
41 A WTG12 F12 33 KV Line,165.4,23.2276653620,69.2788705140
42 A WTG12 F12 33 KV Line,161.6,23.2271507530,69.2787130580
43 A WTG12 F12 33 KV Line,158.6,23.2270338260,69.2784293640
44 A WTG12 F12 33 KV Line,157.8,23.2267997440,69.2779890400
45 A WTG12 F12 33 KV Line,157.9,23.2266382190,69.2773827070
46 A WTG12 F12 33 KV Line,157.6,23.2264949300,69.2766786710
47 A WTG12 F12 33 KV Line,156.5,23.2263064720,69.2759745440
48 A WTG12 F12 33 KV Line,156.4,23.2261719360,69.2754269160
49 A WTG12 F12 33 KV Line,157.6,23.2260463450,69.2749281780
50 A WTG12 F12 33 KV Line,156,23.2258116730,69.2748201820
51 A WTG12 F12 33 KV Line,152.8,23.2253784260,69.2746238140
52 A WTG12 F12 33 KV Line,151.1,23.2249722110,69.2744665980
53 A WTG12 F12 33 KV Line,151.4,23.2246383110,69.2742802090
54 A WTG12 F12 33 KV Line,150.8,23.2241148520,69.2740152420
55 A WTG12 F12 33 KV Line,152,23.2239154080,69.2744253420
56 A WTG12 F12 33 KV Line,152.6,23.2236707970,69.2748353490
57 A WTG12 F12 33 KV Line,151.7,23.2234351850,69.2752649200
58 A WTG12 F12 33 KV Line,151.6,23.2232085870,69.2757042820
59 A WTG12 F12 33 KV Line,152.7,23.2230249940,69.2761390390
60 A WTG12 F12 33 KV Line,153.4,23.2229627530,69.2768082280
61 A WTG12 F12 33 KV Line,153.5,23.2227221810,69.2769221850
1 WTG 5 F6 33 KV Line,151,23.2356480110,69.2568210000
2 WTG 5 F6 33 KV Line,151.8,23.2352059580,69.2565830180
3 WTG 5 F6 33 KV Line,152.1,23.2347059590,69.2563159930
4 WTG 5 F6 33 KV Line,151.3,23.2343060240,69.2560630410
5 WTG 5 F6 33 KV Line,153.5,23.2339910430,69.2557280470
6 WTG 5 F6 33 KV Line,153,23.2336869830,69.2553979620
7 WTG 5 F6 33 KV Line,157.4,23.2332830200,69.2549540100
8 WTG 5 F6 33 KV Line,157.2,23.2333049870,69.2543860460
9 WTG 5 F6 33 KV Line,161.6,23.2333350150,69.2538040210
10 WTG 5 F6 33 KV Line,165.3,23.2333549700,69.2532489550
11 WTG 5 F6 33 KV Line,165.8,23.2333629910,69.2526430380
12 WTG 5 F6 33 KV Line,166.8,23.2334029630,69.2519960300
13 WTG 5 F6 33 KV Line,166.6,23.2338579660,69.2518799780
14 WTG 5 F6 33 KV Line,168.8,23.2345670040,69.2516930470
15 WTG 5 F6 33 KV Line,171.1,23.2350950170,69.2515629570
16 WTG 5 F6 33 KV Line,175.8,23.2357030300,69.2513980220
17 WTG 5 F6 33 KV Line,178.9,23.2363150060,69.2512389580
18 WTG 5 F6 33 KV Line,177.9,23.2369979860,69.2509089640
19 WTG 5 F6 33 KV Line,177.6,23.2376139840,69.2506069930
20 WTG 5 F6 33 KV Line,180,23.2380630270,69.2503759690
21 WTG 5 F6 33 KV Line,184.1,23.2384480200,69.2502050370
22 WTG 5 F6 33 KV Line,188,23.2390280310,69.2499240100
23 WTG 5 F6 33 KV Line,191.5,23.2395339900,69.2496880030
24 WTG 5 F6 33 KV Line,194.3,23.2395609580,69.2491450450
25 WTG 5 F6 33 KV Line,193.5,23.2396429590,69.2483010160
26 WTG 5 F6 33 KV Line,193.3,23.2393949720,69.2477469930
27 WTG 5 F6 33 KV Line,192.4,23.2391569680,69.2471610250
28 WTG 5 F6 33 KV Line,193.6,23.2391629980,69.2467729650
29 WTG 5 F6 33 KV Line,192.6,23.2391900260,69.2461850420
30 WTG 5 F6 33 KV Line,189.1,23.2392589580,69.2455440190
31 WTG 5 F6 33 KV Line,192.5,23.2392719920,69.2451800180
32 WTG 5 F6 33 KV Line,194.7,23.2394699660,69.2446210470
33 WTG 5 F6 33 KV Line,192.6,23.2396149930,69.2441850470
34 WTG 5 F6 33 KV Line,191.4,23.2397760230,69.2436810400
35 WTG 5 F6 33 KV Line,194.3,23.2399689800,69.2431500130
36 WTG 5 F6 33 KV Line,192.9,23.2403856850,69.2432618150
37 WTG 5 F6 33 KV Line,191.8,23.2408859900,69.2433460060
38 WTG 5 F6 33 KV Line,192,23.2411869970,69.2429220130
39 WTG 5 F6 33 KV Line,191.4,23.2415089560,69.2425000110
40 WTG 5 F6 33 KV Line,191.4,23.2415700030,69.2419839870
41 WTG 5 F6 33 KV Line,191.8,23.2416020400,69.2415930330
42 WTG 5 F6 33 KV Line,192.3,23.2421350000,69.2412949660
43 WTG 5 F6 33 KV Line,191.5,23.2424180390,69.2410980130
44 WTG 5 F6 33 KV Line,191.8,23.2428519700,69.2405800140
45 WTG 5 F6 33 KV Line,189.2,23.2432269960,69.2407169560
46 WTG 5 F6 33 KV Line,191.3,23.2432990070,69.2406469950
1 A WTG 1 F6 33 KV Line,203.3,23.2730700080,69.2712308940
2 A WTG 1 F6 33 KV Line,204.9,23.2730779920,69.2716809720
3 A WTG 1 F6 33 KV Line,208.4,23.2731080100,69.2721860440
4 A WTG 1 F6 33 KV Line,208.2,23.2725939730,69.2721660310
5 A WTG 1 F6 33 KV Line,208.1,23.2726489560,69.2719740140
1 A WTG 4 F6 33 KV Line,189.5,23.2635386410,69.2668217900
2 A WTG 4 F6 33 KV Line,192,23.2636290240,69.2673219590
3 A WTG 4 F6 33 KV Line,194.7,23.2636590280,69.2676320440
4 A WTG 4 F6 33 KV Line,192.4,23.2643930170,69.2674429570
5 A WTG 4 F6 33 KV Line,193.3,23.2643480230,69.2672889790
1  WTG 3 F6 33 KV Line,183.9,23.2602265370,69.2484546870
2  WTG 3 F6 33 KV Line,182.5,23.2604348230,69.2481226670
3  WTG 3 F6 33 KV Line,178.7,23.2607336240,69.2476734930
4  WTG 3 F6 33 KV Line,176.7,23.2613574290,69.2473422370
5  WTG 3 F6 33 KV Line,178.9,23.2617824140,69.2470692720
6  WTG 3 F6 33 KV Line,179.3,23.2621350730,69.2468352800
7  WTG 3 F6 33 KV Line,182,23.2625781380,69.2465525680
8  WTG 3 F6 33 KV Line,191.8,23.2630483020,69.2462699050
9  WTG 3 F6 33 KV Line,198.3,23.2635366090,69.2459383880
10  WTG 3 F6 33 KV Line,197.9,23.2638711530,69.2457336870
11  WTG 3 F6 33 KV Line,193.1,23.2642329190,69.2454508200
12  WTG 3 F6 33 KV Line,188.1,23.2646398500,69.2451680330
13  WTG 3 F6 33 KV Line,188.2,23.2645776400,69.2445128640
14  WTG 3 F6 33 KV Line,188.9,23.2645516970,69.2437697680
15  WTG 3 F6 33 KV Line,185.4,23.2647422850,69.2431932730
16  WTG 3 F6 33 KV Line,186.5,23.2648968150,69.2425678270
17  WTG 3 F6 33 KV Line,184.5,23.2652585300,69.2423142800
18  WTG 3 F6 33 KV Line,183,23.2656473140,69.2420803340
19  WTG 3 F6 33 KV Line,180.7,23.2659819290,69.2418267350
20  WTG 3 F6 33 KV Line,178.4,23.2660912440,69.2412305310
21  WTG 3 F6 33 KV Line,179.3,23.2662186220,69.2406343590
22  WTG 3 F6 33 KV Line,179.7,23.2663188830,69.2400479140
23  WTG 3 F6 33 KV Line,176.5,23.2664100800,69.2394810060
24  WTG 3 F6 33 KV Line,173.7,23.2665373470,69.2389532700
25  WTG 3 F6 33 KV Line,174.5,23.2663305680,69.2383076140
26  WTG 3 F6 33 KV Line,171.9,23.2661777910,69.2377891570
27  WTG 3 F6 33 KV Line,179.4,23.2655908790,69.2376316830
28  WTG 3 F6 33 KV Line,180.9,23.2649858710,69.2374937330
29  WTG 3 F6 33 KV Line,177.1,23.2643718880,69.2373166600
30  WTG 3 F6 33 KV Line,176.2,23.2638386270,69.2375210310
31  WTG 3 F6 33 KV Line,175.8,23.2632873290,69.2377058140
32  WTG 3 F6 33 KV Line,173.3,23.2627993500,69.2378320470
33  WTG 3 F6 33 KV Line,171.8,23.2626556790,69.2372647370
34  WTG 3 F6 33 KV Line,170.6,23.2628462440,69.2366882410
35  WTG 3 F6 33 KV Line,170.2,23.2630095900,69.2361899110
36  WTG 3 F6 33 KV Line,170,23.2631819830,69.2356818180
37  WTG 3 F6 33 KV Line,166.6,23.2635348730,69.2352815860
38  WTG 3 F6 33 KV Line,165.3,23.2637158130,69.2350961430
39  WTG 3 F6 33 KV Line,164.6,23.2641138820,69.2346862110
40  WTG 3 F6 33 KV Line,162,23.2644486460,69.2343250500
41  WTG 3 F6 33 KV Line,160.8,23.2650269090,69.2342282910
42  WTG 3 F6 33 KV Line,161.6,23.2655961520,69.2341217380
43  WTG 3 F6 33 KV Line,161.9,23.2661111540,69.2340444210
44  WTG 3 F6 33 KV Line,162,23.2666808190,69.2336543320
45  WTG 3 F6 33 KV Line,167.1,23.2668714870,69.2329995970
46  WTG 3 F6 33 KV Line,173.4,23.2670619930,69.2324524080
47  WTG 3 F6 33 KV Line,176.3,23.2672163650,69.2319051550
48  WTG 3 F6 33 KV Line,180.6,23.2673254830,69.2314164860
49  WTG 3 F6 33 KV Line,183.5,23.2674526520,69.2309376240
50  WTG 3 F6 33 KV Line,182.9,23.2675706710,69.2305369630
51  WTG 3 F6 33 KV Line,179.5,23.2677700300,69.2301071100
52  WTG 3 F6 33 KV Line,176.8,23.2682396060,69.2302056890
53  WTG 3 F6 33 KV Line,176.1,23.2687543610,69.2302945680
54  WTG 3 F6 33 KV Line,176.2,23.2692420750,69.2303442930
55  WTG 3 F6 33 KV Line,177.9,23.2696936140,69.2304232880
56  WTG 3 F6 33 KV Line,178.8,23.2701631890,69.2305218690
57  WTG 3 F6 33 KV Line,177.7,23.2701086030,69.2307857640
58  WTG 3 F6 33 KV Line,177.8,23.2699729490,69.2308930810
1 WTG 6 F6 33 KV Line,151,23.2356480110,69.2568210000
2 WTG 6 F6 33 KV Line,150.1,23.2360949600,69.2566609610
3 WTG 6 F6 33 KV Line,154.4,23.2366640450,69.2571039730
4 WTG 6 F6 33 KV Line,155.1,23.2370529670,69.2574619930
5 WTG 6 F6 33 KV Line,155.4,23.2375270040,69.2578599620
6 WTG 6 F6 33 KV Line,159.4,23.2379990430,69.2582639900
7 WTG 6 F6 33 KV Line,160.3,23.2384519940,69.2586299600
8 WTG 6 F6 33 KV Line,156.9,23.2389440370,69.2590629660
9 WTG 6 F6 33 KV Line,157.7,23.2393220030,69.2593790410
10 WTG 6 F6 33 KV Line,159.3,23.2395359680,69.2601070170
11 WTG 6 F6 33 KV Line,162.4,23.2397479550,69.2607730170
12 WTG 6 F6 33 KV Line,167.6,23.2399599600,69.2614809540
13 WTG 6 F6 33 KV Line,168.5,23.2399010230,69.2616139770
1 WTG 2 F6 33KV Line,209.4,23.2700923890,69.2693182850
2 WTG 2 F6 33KV Line,213.3,23.2701926410,69.2688002870
3 WTG 2 F6 33KV Line,215.8,23.2702836410,69.2684093750
4 WTG 2 F6 33KV Line,218.4,23.2704741360,69.2679404430
5 WTG 2 F6 33KV Line,215.8,23.2706736970,69.2674519720
6 WTG 2 F6 33KV Line,212.4,23.2708551900,69.2669634650
7 WTG 2 F6 33KV Line,207.3,23.2710367310,69.2664456240
8 WTG 2 F6 33KV Line,205,23.2712091880,69.2659570950
9 WTG 2 F6 33KV Line,202,23.2713724610,69.2655565440
10 WTG 2 F6 33KV Line,199.2,23.2715896510,69.2653223160
11 WTG 2 F6 33KV Line,196.5,23.2714549970,69.2648234000
12 WTG 2 F6 33KV Line,196.4,23.2713653590,69.2644125700
13 WTG 2 F6 33KV Line,197.1,23.2713211650,69.2638356140
14 WTG 2 F6 33KV Line,192.8,23.2714846950,69.2632786220
15 WTG 2 F6 33KV Line,191.9,23.2716481580,69.2627607380
16 WTG 2 F6 33KV Line,189.6,23.2717753730,69.2623112230
17 WTG 2 F6 33KV Line,188.9,23.2718031410,69.2619104020
18 WTG 2 F6 33KV Line,188,23.2716320680,69.2615776330
19 WTG 2 F6 33KV Line,188,23.2713800220,69.2610491600
20 WTG 2 F6 33KV Line,187.2,23.2711549110,69.2606185140
21 WTG 2 F6 33KV Line,185.2,23.2708848270,69.2600704540
22 WTG 2 F6 33KV Line,185,23.2708311960,69.2597281410
23 WTG 2 F6 33KV Line,186.9,23.2706963470,69.2593367840
24 WTG 2 F6 33KV Line,187.1,23.2705615130,69.2589356500
25 WTG 2 F6 33KV Line,185.3,23.2704626970,69.2586030280
26 WTG 2 F6 33KV Line,183.9,23.2706172400,69.2580069060
27 WTG 2 F6 33KV Line,182.7,23.2708259800,69.2574108860
28 WTG 2 F6 33KV Line,183.3,23.2706010340,69.2568726980
29 WTG 2 F6 33KV Line,184.3,23.2703492750,69.2561584680
30 WTG 2 F6 33KV Line,183.8,23.2701783650,69.2557181600
31 WTG 2 F6 33KV Line,186.4,23.2696268870,69.2560006490
32 WTG 2 F6 33KV Line,185.5,23.2692923770,69.2561760010
33 WTG 2 F6 33KV Line,182.8,23.2688496300,69.2562533730
34 WTG 2 F6 33KV Line,181.8,23.2684520320,69.2563406080
35 WTG 2 F6 33KV Line,182.1,23.2684078240,69.2557538900
36 WTG 2 F6 33KV Line,184,23.2683635810,69.2551867260
37 WTG 2 F6 33KV Line,184,23.2683464040,69.2546391690
38 WTG 2 F6 33KV Line,188.9,23.2685914840,69.2539063420
39 WTG 2 F6 33KV Line,190.3,23.2687094670,69.2535643610
40 WTG 2 F6 33KV Line,193,23.2688819150,69.2530562700
41 WTG 2 F6 33KV Line,196.3,23.2690545040,69.2524601820
42 WTG 2 F6 33KV Line,194.7,23.2694887500,69.2520503530
43 WTG 2 F6 33KV Line,197.3,23.2695437950,69.2515224820
44 WTG 2 F6 33KV Line,194.6,23.2696080430,69.2508870770
45 WTG 2 F6 33KV Line,194.5,23.2694823300,69.2504175310
46 WTG 2 F6 33KV Line,194.8,23.2693745720,69.2500164600
47 WTG 2 F6 33KV Line,190.6,23.2692669380,69.2495371720
48 WTG 2 F6 33KV Line,186,23.2698724170,69.2493720850
49 WTG 2 F6 33KV Line,187.3,23.2703243180,69.2492164880
50 WTG 2 F6 33KV Line,187.6,23.2709117450,69.2490415870
51 WTG 2 F6 33KV Line,190.9,23.2710300580,69.2484844940
52 WTG 2 F6 33KV Line,189.4,23.2712838190,69.2479569830
53 WTG 2 F6 33KV Line,191.4,23.2712936390,69.2474583510
54 WTG 2 F6 33KV Line,191.4,23.2712672170,69.2470280950
55 WTG 2 F6 33KV Line,189.7,23.2714665130,69.2466666970
56 WTG 2 F6 33KV Line,183.4,23.2713771950,69.2460212210
57 WTG 2 F6 33KV Line,182.8,23.2712788420,69.2453757290
58 WTG 2 F6 33KV Line,182.7,23.2712255590,69.2447889850
59 WTG 2 F6 33KV Line,181.4,23.2711720920,69.2443195700
60 WTG 2 F6 33KV Line,178,23.2711550600,69.2436546740
61 WTG 2 F6 33KV Line,179,23.2711198820,69.2430386320
62 WTG 2 F6 33KV Line,180.6,23.2711390820,69.2423053590
63 WTG 2 F6 33KV Line,180,23.2711219660,69.2416893500
64 WTG 2 F6 33KV Line,178,23.2716644300,69.2413774490
65 WTG 2 F6 33KV Line,175.2,23.2721708520,69.2410068160
66 WTG 2 F6 33KV Line,172.4,23.2725325650,69.2407532510
67 WTG 2 F6 33KV Line,170.4,23.2731654480,69.2403828400
68 WTG 2 F6 33KV Line,171.9,23.2736447830,69.2400023730
69 WTG 2 F6 33KV Line,171.3,23.2741782120,69.2396904440
70 WTG 2 F6 33KV Line,177.5,23.2747206870,69.2393687510
71 WTG 2 F6 33KV Line,179.2,23.2752450660,69.2390665780
72 WTG 2 F6 33KV Line,183.7,23.2757694750,69.2387448470
73 WTG 2 F6 33KV Line,185.6,23.2763571430,69.2384036710
74 WTG 2 F6 33KV Line,189.7,23.2770620480,69.2381898130
75 WTG 2 F6 33KV Line,188.3,23.2774499200,69.2385522850
76 WTG 2 F6 33KV Line,187.8,23.2778829110,69.2389441730
77 WTG 2 F6 33KV Line,183.5,23.2783790880,69.2393655110
78 WTG 2 F6 33KV Line,181.5,23.2789655940,69.2397870130
79 WTG 2 F6 33KV Line,182.1,23.2796784870,69.2402576360
80 WTG 2 F6 33KV Line,184.9,23.2803642640,69.2407379940
81 WTG 2 F6 33KV Line,184.8,23.2806090710,69.2401419680
82 WTG 2 F6 33KV Line,187.8,23.2807813860,69.2396924830
83 WTG 2 F6 33KV Line,191.8,23.2812515520,69.2393999790
84 WTG 2 F6 33KV Line,190.7,23.2817127590,69.2390585660
85 WTG 2 F6 33KV Line,191.4,23.2814332860,69.2386962750
86 WTG 2 F6 33KV Line,190.4,23.2811989770,69.2383340650
87 WTG 2 F6 33KV Line,189.6,23.2809196050,69.2379033290
88 WTG 2 F6 33KV Line,188.3,23.2808656880,69.2377174480
89 WTG 2 F6 33KV Line,188,23.2809831030,69.2377274350
1 WTG 10 F6 33 KV Line,191.5,23.2395339900,69.2496880030
2 WTG 10 F6 33 KV Line,197.1,23.2399807320,69.2501082860
3 WTG 10 F6 33 KV Line,197.9,23.2403333330,69.2499134400
4 WTG 10 F6 33 KV Line,193.6,23.2406316890,69.2497478170
5 WTG 10 F6 33 KV Line,192.8,23.2410558400,69.2500027630
6 WTG 10 F6 33 KV Line,190.2,23.2414347940,69.2502771760
7 WTG 10 F6 33 KV Line,183.4,23.2419580740,69.2506789400
8 WTG 10 F6 33 KV Line,178.7,23.2423459350,69.2510315760
9 WTG 10 F6 33 KV Line,174.3,23.2429413990,69.2514823570
10 WTG 10 F6 33 KV Line,174.4,23.2434563310,69.2514539970
11 WTG 10 F6 33 KV Line,176.2,23.2439351160,69.2514353430
12 WTG 10 F6 33 KV Line,177.1,23.2444139010,69.2514166890
13 WTG 10 F6 33 KV Line,178.9,23.2449553690,69.2517402960
14 WTG 10 F6 33 KV Line,183.2,23.2454876930,69.2521323170
15 WTG 10 F6 33 KV Line,184.6,23.2459929810,69.2524851890
16 WTG 10 F6 33 KV Line,187.4,23.2464802170,69.2528282530
17 WTG 10 F6 33 KV Line,192.5,23.2470396220,69.2532301100
18 WTG 10 F6 33 KV Line,193,23.2473915020,69.2534849420
19 WTG 10 F6 33 KV Line,194.7,23.2478155830,69.2537790150
20 WTG 10 F6 33 KV Line,195,23.2480957970,69.2536622370
21 WTG 10 F6 33 KV Line,195,23.2481770010,69.2537210450
22 WTG 10 F6 33 KV Line,195,23.2482762060,69.2538189900
23 WTG 10 F6 33 KV Line,195,23.2483844770,69.2538974010
24 WTG 10 F6 33 KV Line,194.3,23.2486911430,69.2541814790
25 WTG 10 F6 33 KV Line,192.5,23.2488167030,69.2547389380
26 WTG 10 F6 33 KV Line,190.2,23.2490599930,69.2551108810
27 WTG 10 F6 33 KV Line,187.9,23.2492943290,69.2554339290
28 WTG 10 F6 33 KV Line,186.2,23.2498905280,69.2554252890
29 WTG 10 F6 33 KV Line,187.4,23.2505047760,69.2554264590
30 WTG 10 F6 33 KV Line,193.8,23.2511551730,69.2554179210
31 WTG 10 F6 33 KV Line,193.4,23.2513710600,69.2559755640
32 WTG 10 F6 33 KV Line,190.8,23.2518497170,69.2560351330
33 WTG 10 F6 33 KV Line,183.4,23.2523734910,69.2561241180
34 WTG 10 F6 33 KV Line,187.2,23.2530598450,69.2562231900
35 WTG 10 F6 33 KV Line,186.6,23.2533044710,69.2557739560
36 WTG 10 F6 33 KV Line,184.7,23.2535311090,69.2552758050
37 WTG 10 F6 33 KV Line,186.1,23.2539112750,69.2547974960
38 WTG 10 F6 33 KV Line,185.2,23.2540472940,69.2544751410
39 WTG 10 F6 33 KV Line,184.1,23.2542467660,69.2540160380
40 WTG 10 F6 33 KV Line,187.9,23.2547074050,69.2540462390
41 WTG 10 F6 33 KV Line,190.2,23.2550415810,69.2540762010
42 WTG 10 F6 33 KV Line,192.2,23.2554480530,69.2540867480
43 WTG 10 F6 33 KV Line,193.4,23.2556733730,69.2544000160
44 WTG 10 F6 33 KV Line,195.7,23.2559798470,69.2548014270
45 WTG 10 F6 33 KV Line,196,23.2564143530,69.2542352240
46 WTG 10 F6 33 KV Line,199.1,23.2566859460,69.2538642370
47 WTG 10 F6 33 KV Line,201.9,23.2570752200,69.2533370480
48 WTG 10 F6 33 KV Line,202.6,23.2573649400,69.2529269860
49 WTG 10 F6 33 KV Line,204.2,23.2577812160,69.2524585020
50 WTG 10 F6 33 KV Line,206.7,23.2582700070,69.2518337270
51 WTG 10 F6 33 KV Line,203.1,23.2586050760,69.2513064240
52 WTG 10 F6 33 KV Line,189.7,23.2588677070,69.2508865260
53 WTG 10 F6 33 KV Line,182.9,23.2591485270,69.2503884470
54 WTG 10 F6 33 KV Line,186.7,23.2594564460,69.2498904170
55 WTG 10 F6 33 KV Line,187.1,23.2596284630,69.2496463220
56 WTG 10 F6 33 KV Line,185.6,23.2598912910,69.2490993220
57 WTG 10 F6 33 KV Line,183.9,23.2602265370,69.2484546870
58 WTG 10 F6 33 KV Line,182,23.2599924810,69.2479458690
59 WTG 10 F6 33 KV Line,181.1,23.2598124670,69.2475349190
60 WTG 10 F6 33 KV Line,177.2,23.2597137810,69.2471045660
61 WTG 10 F6 33 KV Line,177.5,23.2595880860,69.2466155050
62 WTG 10 F6 33 KV Line,178.2,23.2594532650,69.2461850870
63 WTG 10 F6 33 KV Line,175.5,23.2593365250,69.2457449270
64 WTG 10 F6 33 KV Line,176,23.2589029380,69.2457441330
65 WTG 10 F6 33 KV Line,176,23.2588941190,69.2456072450
